group,athlete,sport,sanction_terms,substance_reason,sanction_announced,sanction_dates
1,"werdum, fabricio",mixed martial arts,2-year suspension - sanction reduced,trenbolone,original 09/11/2018; updated 01/16/2020,2020-01-16
1,"jones, stirley",paralympic track and field,4-year suspension; loss of results,stanozolol,original: 06/17/2019; updated: 12/16/2019,2019-12-16
1,"hay, amy",weightlifting,2-year suspension; loss of results; sanction reduced; unretired - eligible to compete starting 07/25/2020,ostarine,original: 10/31/2017; updated: 12/16/2019,2019-12-16
1,"orbon, joane",karate,9-month suspension; loss of results,lgd-4033,original: 08/12/2019; updated: 09/10/2019,2019-09-10
1,"ribas, amanda",mixed martial arts,2-year suspension - sanction reduced,ostarine,original: 01/10/2018; updated 05/03/2019,2019-05-03
1,"saccente, nicholas",weightlifting,4-year suspension - loss of results; additional 4 months of suspension - loss of results; sanction tolled due to retirement,androgenic anabolic steroid; boldenone,original: 02/14/2017; updated: 12/11/2018,2018-12-11
1,"miyao, paulo",brazilian jiu-jitsu,2-year suspension - loss of results; additional 3 months of suspension - loss of results,clomiphene,original: 05/10/2017;updated: 11/27/2018,2018-11-27
1,"garcia del moral, luis",cycling - athlete support personnel,5-year suspension,non-analytical,original: 07/10/2012;updated: 10/26/2018,2018-10-26
1,"bruyneel, johan",cycling - athlete support personnel,lifetime suspension,non-analytical: administration and trafficking,original: 04/22/2014;updated: 10/24/2018,2018-10-24
1,"celaya lazama, pedro",cycling - athlete support personnel,lifetime suspension,non-analytical,original: 04/22/2014;updated: 10/24/2018,2018-10-24
1,"marti, jose",cycling - athlete support personnel,15-year suspension,non-analytical,original: 04/22/2014;updated: 10/24/2018,2018-10-24
1,"moffett, shaun",cycling,21-month suspension - loss of results; additional 3 months of suspension - loss of results,testosterone and clomiphene,original: 04/24/2018updated: 10/19/2018,2018-10-19
1,"hunter, adam",mixed martial arts,2-year suspension - loss of results - additional loss of results,"tamoxifen; boldenone, methandienone, drostanolone, and clenbuterol",original: 10/28/2016; updated: 09/26/2018,2018-09-26
1,"bailey, ryan","bobsled and skeleton, track and field",2-year suspension with 161 day credit - loss of results,"1,3-dimethylbutylamine (dmba)",original: 08/03/2017; updated: 12/01/2017,2017-12-01
1,"thomas, tammy",cycling,lifetime ban - loss of results - sanction reduced,norbolethone,original: 08/30/2002; updated: 02/13/2017,2017-02-13
1,"tovar, oscar",cycling,2-year suspension - loss of results - additional results disqualified,androgenic anabolic steroid,original: 10/28/2015; updated: 10/04/2016,2016-10-04
1,"fischbach, dylan",paralympic basketball,2-year suspension - loss of results - additional results disqualified,non-analytical: refusal to submit to sample collection,original: 12/18/2015; updated: 04/11/2016,2016-04-11
1,"lea, robert",cycling,6-month suspension - loss of results,noroxycodone,original: 12/17/2015; updated: 02/25/2016,2016-02-25
1,"trafeh, mohamed",track and field,4-year suspension - loss of results,"non-analytical: use and possession (epo), and evading sample collection",original: 12/18/2014; updated: 08/25/2015,2015-08-25
1,"dotti, juan pablo",cycling,"2-year suspension - loss of results; 
2-year suspension restarted - loss of results",androgenic anabolic steroid & amphetamine,original: 10/20/2011; updated: 06/05/2013,2013-06-05
1,"oliveira, flavia",cycling,18-month suspension - loss of results,oxilofrine,original: 04/13/2010; updated 12/10/2010,2010-12-10
1,"young, jerome",track and field,lifetime suspension - loss of results,erythropoietin (epo) and non-analytical: use (epo & hgh),original: 11/10/2004; updated: 06/17/2008,2008-06-17
2,"gleaves, john",cycling,4-year suspension; loss of results,oxandrolone; clomiphene,03/20/2020,NA
2,"bond, daniel",cycling,4-year suspension; loss of results,non-analytical: refusal to submit to sample collection,03/18/2020,NA
2,"aguero, manuel",weightlifting,4-year suspension; loss of results,amphetamine; modafinil,03/12/2020,NA
2,"phongsavanh, justin",paralympic track and field,no fault or negligence,torsemide,03/11/2020,NA
2,"jones, addison",weightlifting,6-month suspension with 3-month deferral; loss of results,cannabinoids,03/05/2020,NA
2,"penne, jessica",mixed martial arts,20-month suspension,stanozolol,02/28/2020,NA
2,"de padua, isabela",mixed martial arts,2-year suspension,19-norandrosterone (19-na),02/27/2020,NA
2,"strange, robert",weightlifting,1-year suspension; loss of results,dehydroepiandrosterone (dhea),02/21/2020,NA
2,"prazeres, michel",mixed martial arts,2-year suspension,boldenone,02/11/2020,NA
2,"duarte, kaynan",brazilian jiu-jitsu,1-year suspension,ostarine,02/07/2020,NA
2,"saint preux, ovince",mixed martial arts,3-month suspension,ostarine; lgd-4033; gw1516,01/31/2020,NA
2,"sanchez, diego",mixed martial arts,3-month suspension,"ostarine, s-23",01/31/2020,NA
2,"o'malley, sean",mixed martial arts,6-month suspension,ostarine,01/09/2020,NA
2,"townsend, dequan",mixed martial arts,6-month suspension,"cocaine, fentanyl",01/08/2020,NA
2,"dumala, samantha",waterskiing,public warning,spironolactone,01/07/2020,NA
2,"dreaver, ted",weightlifting,39-month suspension; loss of results,androgenic anabolic steroid,01/06/2020,NA
2,"martinez, cristofer",weightlifting,2-year suspension; loss of results,5-methylhexan-2-amine,12/27/2019,NA
2,"taha, khalid",mixed martial arts,1-year suspension,furosemide,12/23/2019,NA
2,"glasgow, scott",weightlifting,4-year suspension; loss of results,oxandrolone,12/20/2019,NA
2,"merrell, miranda",weightlifting,2-year suspension; loss of results,oxandrolone,12/19/2019,NA
2,"cachoeira gomes da silva, priscila",mixed martial arts,4-month suspension,hydrochlorothiazide,12/18/2019,NA
2,"gochenour, alexandria",track and field,4-year suspension; loss of results,ostarine,12/17/2019,NA
2,"shafer, janelle",weightlifting,4-year suspension; loss of results,ostarine,12/17/2019,NA
2,"letellier, lawrence",weightlifting,2-year suspension; loss of results,clomiphene,12/04/2019,NA
2,"akuna, kiara",weightlifting,4-year suspension; loss of results,methandienone; dehydrochloromethyltestosterone (dhcmt),11/27/2019,NA
2,"nunez, erik",weightlifting,4-year suspension; loss of results,gw1516,11/21/2019,NA
2,"anderson, kaley",weightlifting,4-year suspension; loss of results,di‐hydroxy‐lgd‐4033,11/20/2019,NA
2,"gehm, zach",track and field,2-year suspension; loss of results,"1,4‐dimethylpentylamine (1,4‐dmpa)",11/14/2019,NA
2,"nunes souza, istela iane",mixed martial arts,2-year suspension,stanozolol,10/25/2019,NA
2,"y frederico salvador de lemos, giacomo",mixed martial arts,2-year suspension,drostanolone,10/24/2019,NA
2,"arte, john allan",mixed martial arts,1-year suspension,tamoxifen,10/18/2019,NA
2,"gatto regonha, melissa",mixed martial arts,1-year suspension,furosemide,10/17/2019,NA
2,"kurth, ty",cycling,2-year suspension; loss of results,testosterone,10/17/2019,NA
2,"dwyer, conor",swimming,20-month suspension; loss of results; sanction tolled due to retirement,androgenic anabolic steroid,10/11/2019,NA
2,"franklin, natalie",weightlifting,4-year suspension; loss of results,ostarine; lgd-4033,10/10/2019,NA
2,"allison, kyler",bobsled and skeleton,4-year suspension; loss of results; sanction tolled due to retirement,non-analytical: refusal to submit to sample collection,10/09/2019,NA
2,"davis, todd",track and field,4-year suspension; loss of results,non-analytical: refusal to submit to sample collection,10/04/2019,NA
2,"cano, josue",weightlifting,4-year suspension; loss of results; sanction tolled due to retirement,non-analytical: refusal to submit to sample collection,10/03/2019,NA
2,"salazar, alberto",track and field,4-year suspension,"non-analytical: tampering, administration (iv), and trafficking (testosterone)",09/30/2019,NA
2,"brown, jeffrey",track and field,4-year suspension,"non-analytical: tampering, administration (iv), and complicity (testosterone)",09/30/2019,NA
2,"carlberg, angela",weightlifting,public warning,vilanterol,09/27/2019,NA
2,"branch, david",mixed martial arts,2-year suspension,ipamorelin,09/18/2019,NA
2,"frota lima, sarah",mixed martial arts,2-year suspension,stanozolol,09/17/2019,NA
2,"smoliakov, dmitrii",mixed martial arts,2-year suspension,recombinant human erythropoietin (rhuepo); intact human chorionic gonadtrophin (hcg),09/10/2019,NA
2,"goss, lauren",triathlon,6-month suspension; loss of results,cannabinoids,09/05/2019,NA
2,"murdock, vince",mixed martial arts,20-month suspension,gw1516,09/05/2019,NA
2,"maynard, nicole",weightlifting,4-year suspension; loss of results,methenolone; lgd‐4033; gw1516,09/04/2019,NA
2,"gouti, thibault",mixed martial arts,6-month suspension,ostarine; lgd-4033; gw1516,08/27/2019,NA
2,"dollaway, cb",mixed martial arts,2-year suspension,anastrozole; ghrp-2; ghrp-6; clomiphene,08/26/2019,NA
2,"dolidze, roman",mixed martial arts,1-year suspension,clomiphene; dehydrochloromethyltestosterone (dhcmt),08/23/2019,NA
2,"bond, michael",powerlifting,4-year suspension; loss of results,"ostarine, rad140, gw1516",08/21/2019,NA
2,"licon, william",swimming,public warning,non-analytical: use (vilanterol),08/01/2019,NA
2,"schafer, mallory",triathlon,10-month suspension,higenamine,07/30/2019,NA
2,"galloway, jacqueline",taekwondo,6-month suspension,ibutamoren,07/29/2019,NA
2,"amedovski, alen",mixed martial arts,6-month suspension with 3-month deferral,cannabinoids,07/18/2019,NA
2,"sacklow, joe",weightlifting,4-year suspension; loss of results,"heptaminol, 1,4‐dimethylpentylamine (1,4‐dmpa), octodrine, ostarine, di‐hydroxy‐lgd‐4033",07/17/2019,NA
2,"warren, darcie",weightlifting,8-year suspension; loss of results,non-analytical: refusal to submit to sample collection,07/11/2019,NA
2,"shtyrkov, ivan",mixed martial arts,2-year suspension,boldenone,07/09/2019,NA
2,"le, talina",taekwondo,18-month suspension; loss of results,higenamine,07/08/2019,NA
2,"mosley, mandy",weightlifting,16-month suspension; loss of results,"higenamine, heptaminol, and octodrine",06/27/2019,NA
2,"hu, yaozong",mixed martial arts,10-month suspension,"androsta-3,5-diene-7,17-dione",06/14/2019,NA
2,"gorgees, alex",mixed martial arts,16-month suspension,drostanolone; dehydrochloromethyltestosterone (dhcmt),05/31/2019,NA
2,"waterstraat, elizabeth",triathlon,6-month suspension; loss of results,ostarine,05/24/2019,NA
2,"porfirio de araùjo, tayane",brazilian jiu-jitsu,4-year suspension; loss of results,"19‐norandrosterone (19‐na), 19-noretiocholanolone",05/10/2019,NA
2,"prempeh, ernest",weightlifting,4-year suspension; loss of results; sanction tolled due to retirement,"dhcmt, androgenic anabolic steroids",05/07/2019,NA
2,"omar, mohamed",weightlifting,2-year suspension; loss of results;,clomiphene,05/07/2019,NA
2,"tisinger-ledkins, janel",racquetball,16-month suspension; loss of results,octopamine,05/02/2019,NA
2,"costa, carlos",mixed martial arts,6-month suspension,non-analytical: possession and administration,04/26/2019,NA
2,"costa, paulo",mixed martial arts,6-month suspension,non-analytical: intravenous infusion,04/26/2019,NA
2,"montano, nicco",mixed martial arts,6-month suspension,ostarine,04/23/2019,NA
2,"o'malley, sean",mixed martial arts,6-month suspension,ostarine,04/23/2019,NA
2,"vettori, marvin",mixed martial arts,6-month suspension,ostarine,04/23/2019,NA
2,"mendes, augusto",mixed martial arts,6-month suspension,ostarine,04/23/2019,NA
2,"harris, walt",mixed martial arts,4-month suspension,lgd-4033,04/22/2019,NA
2,"gibb, nicholas",paralympic cycling,no fault or negligence,hydrochlorothiazide,04/16/2019,NA
2,"taisumov, mairbek",mixed martial arts,6-month suspension,stanozolol,04/11/2019,NA
2,"dillashaw, tj",mixed martial arts,2-year suspension,recombinant human erythropoietin (rhuepo),04/09/2019,NA
2,"murzakanov, azamat",mixed martial arts,2-year suspension,boldenone,04/08/2019,NA
2,"magomedov, ruslan",mixed martial arts,lifetime suspension,methyltestosterone; stanozolol,04/01/2019,NA
2,"baratto, joseph",cycling,1-year suspension; loss of results,androgenic anabolic steroid,03/20/2019,NA
2,"mcclammer, chelsea",paralympic track and field,no fault or negligence,hydrochlorothiazide,03/08/2019,NA
2,"logan, devin",skiing,6-month suspension with 3-month deferral - loss of results,cannabinoids,03/01/2019,NA
2,"schenk, cheyenne",weightlifting,6-month suspension with 3-month deferral - loss of results,cannabinoids,02/26/2019,NA
2,"murtazaliev, khalid",mixed martial arts,2-year suspension,drostanolone,02/22/2019,NA
2,"collier, jake",mixed martial arts,10-month suspension,higenamine,02/19/2019,NA
2,"sorensen, ira",cycling,2-year suspension; loss of results,androgenic anabolic steroid,02/12/2019,NA
2,"pate, jennifer",cycling,4-year suspension; loss of results,androgenic anabolic steroid,02/11/2019,NA
2,"campbell, rachel",weightlifting,4-year suspension; loss of results,non-analytical: refusal to submit to sample collection,02/07/2019,NA
2,"cuicchi, trevor",weightlifting,9-month suspension; loss of results,ostarine,01/28/2019,NA
2,"juneau scott, cory",skateboarding,6-month suspension with 3-month deferral - loss of results,cannabinoids,01/22/2019,NA
2,"carrillo, michel",cycling,4-year suspension; loss of results,"erythropoietin (epo); 19‐norandrosterone (19‐na); androgenic-anabolic steroids (aas); clostebol, testosterone",01/18/2019,NA
2,"maia, jennifer",mixed martial arts,6-month suspension,"furosemide; hydrochlorothiazide; chlorothiazide; thiazide metabolite 4-amino-6-chloro-1,3-benzenedisulfonamide (acb)",01/15/2019,NA
2,"brown, robert",weightlifting,9-month suspension; loss of results,heptaminol,01/14/2019,NA
2,"grove, carl",cycling,public warning,trenbolone; clomiphene,01/04/2019,NA
2,"hudson, ryan",weightlifting,4-year suspension; loss of results;  sanction was tolled due to retirement; unretired - eligible to compete starting 3/6/2022,androgenic anabolic steroid,12/20/2018,NA
2,"pate, david",cycling,4-year suspension; loss of results,androgenic anabolic steroid,12/20/2018,NA
2,"zeng, laura",gymnastics,6-month suspension; loss of results,acetazolamide,12/19/2018,NA
2,"sekulic, stefan",mixed martial arts,2-year suspension,drostanolone; metandienone,12/18/2018,NA
2,"kandare, bharat vijay",mixed martial arts,2-year suspension,boldenone; tamoxifen,12/17/2018,NA
2,"lopez, enrique",cycling,4-year suspension - loss of results,erythropoietin (epo),11/12/2018,NA
2,"strickler, steven",cycling,4-year suspension - loss of results,androgenic anabolic steroid,11/07/2018,NA
2,"reyes, polo",mixed martial arts,6-month suspension,ostarine,10/29/2018,NA
2,"tanski, jeff",cycling,4-year suspension - loss of results,androgenic anabolic steroid,10/18/2018,NA
2,"scott, bradley",mixed martial arts,2-year suspension; sanction tolled due to retirement,cocaine,10/16/2018,NA
2,"gonzalez, mijail",cycling,4-year suspension - loss of results,dexamethasone,10/03/2018,NA
2,"eyler, bob",archery,2-year suspension - loss of results,cannabinoids; propranolol,10/01/2018,NA
2,"ariola, grace",swimming,no fault of negligence,hydrochlorothiazide,09/28/2018,NA
2,"diaz, raul",cycling,4-year suspension - loss of results,"erythropoietin (epo), dexamethasone",09/27/2018,NA
2,"claye, william",track & field,no fault or negligence,clenbuterol,09/27/2018,NA
2,"butterworth, andrew",weightlifting,42-month suspension - loss of results,stanozolol,09/26/2018,NA
2,"jones, jon",mixed martial arts,15-month suspension - loss of results,chlorine-substituted anabolic steroid,09/19/2018,NA
2,"jones, kevin",weightlifting,no fault or negligence - loss of results,clenbuterol,09/19/2018,NA
2,"dudeck, cameron",weightlifting,4-year suspension - loss of results,dhcmt,09/17/2018,NA
2,"bedford, stephen",cycling,6-month suspension with 3-month deferral - loss of results,cannabinoids,09/12/2018,NA
2,"francis, victoria",wrestling,1-year suspension - loss of results,ostarine,08/31/2018,NA
2,"ortiz, robert",weightlifting,16-month suspension - loss of results,"1,4‐dimethylpentylamine",08/27/2018,NA
2,"malinowski, emily",weightlifting,45-month suspension - loss of results,androgenic anabolic steroids,08/24/2018,NA
2,"payne, demi",track & field,4-year suspension - loss of results,drostanolone,08/24/2018,NA
2,"gaskins, joshua",weightlifting,2-year suspension - loss of results,androgenic anabolic steroids,08/22/2018,NA
2,"boss, logan",track & field,6-month suspension - loss of results,canrenone,08/21/2018,NA
2,"frazier, daniel",cycling,1-year suspension - loss of results,"androgenic anabolic steroid, clomiphene",08/15/2018,NA
2,"ssekyaaya, charles",weightlifting,9-month suspension - loss of results,"1,3-dimethylbutylamine (dmba)",08/13/2018,NA
2,"ferraro,  anthony",paralympic judo,6-month suspension with 3-month deferral - loss of results,cannabinoids,08/08/2018,NA
2,"mazur, bruce",cycling,4-year suspension - loss of results,androgenic anabolic steroids,08/01/2018,NA
2,"casey, jack",swimming,6-month suspension - loss of results,anastrozole,07/26/2018,NA
2,"lochte, ryan",swimming,14-month suspension,non-analytical: use (iv),07/23/2018,NA
2,"silva, anderson",mixed martial arts,1-year suspension,methyltestosterone; hydrochlorothiazide,07/18/2018,NA
2,"meacham, michael",triathlon,1-year suspension - loss of results,androgenic anabolic steroids,06/29/2018,NA
2,"oleksiejczuk, michał",mixed martial arts,1-year suspension,clomiphene,06/12/2018,NA
2,"ainslie, roger",cycling,42-month suspension - loss of results,gw1516,06/08/2018,NA
2,"brown, buster",cycling,2-year suspension - loss of results,androgenic anabolic steroid,06/01/2018,NA
2,"gross, scott",cycling,4-year suspension - loss of results,non-analytical: refusal to submit to sample collection,05/22/2018,NA
2,"chipangama, jordan",track and field,4-year suspension - loss of results,meldonium,05/15/2018,NA
2,"colunga, cesar",karate,4-month suspension - loss of results,methylphenidate,05/09/2018,NA
2,"kendall, amanda",swimming,3-month suspension - loss of results,non-analytical: use (vilanterol),05/08/2018,NA
2,"dahlkemper, abigail",soccer,public warning,spironolactone,05/04/2018,NA
2,"nogueira, antonio rogerio",mixed martial arts,6-month suspension,hydrochlorothiazide,04/23/2018,NA
2,"almeida, junior dos santos",mixed martial arts,6-month suspension,hydrochlorothiazide,04/23/2018,NA
2,"de lima, marcos rogerio",mixed martial arts,6-month suspension,anastrozole; hydrochlorothiazide,04/23/2018,NA
2,"griffin, jason",paralympic cycling,1-year suspension - loss of results,benzoylecgonine and methylecgonine,04/18/2018,NA
2,"rivera, jessica",weightlifting,4-year suspension -  loss of results,stanozolol,04/16/2018,NA
2,"miller, barry",cycling,1-year suspension -  loss of results,androgenic anabolic steroid,04/13/2018,NA
2,"lima, dylan",cycling,3-year suspension - loss of results,testosterone,04/10/2018,NA
2,"diaz, nick",mixed martial arts,1-year supension,non-analytical: 3 whereabouts failures,04/09/2018,NA
2,"britt, teresa",weightlifting,2-year suspension - loss of results,higenamine,04/09/2018,NA
2,"rothwell, ben",mixed martial arts,2-year suspension,testosterone,04/06/2018,NA
2,"palicka, megan",weightlifting,3-year suspension - loss of results; sanction tolled due to retirement,ostarine and rad140,04/06/2018,NA
2,"volrath, frank",weightlifting,4-year suspension - loss of results; sanction tolled due to retirement,"ostarine, rad140, ibutamoren",04/05/2018,NA
2,"gough, nicholas",triathlon,4-year suspension - loss of results,erythropoietin (epo),04/02/2018,NA
2,"rosiek, julie",triathlon,2-year suspension - loss of results,androgenic anabolic steroid,03/30/2018,NA
2,"raymond, abby",weightlifting,3-month suspension - loss of results,ostarine,03/29/2018,NA
2,"lemos, amanda",mixed martial arts,2-year suspension,stanozolol,03/28/2018,NA
2,"barnett, josh",mixed martial arts,public warning,ostarine,03/23/2018,NA
2,"jarrett, kaitlyn",weightlifting,1-year suspension - loss of results,higenamine,03/23/2018,NA
2,"roman, lazaro",weightlifting,4-year suspension - loss of results,"higenamine, clomiphene, dehydrochloromethyltestosterone (dhcmt)",03/09/2018,NA
2,"cutelaba, ion",mixed martial arts,6-month suspension,non-analytical: blood transfusion,03/08/2018,NA
2,"calvillo, cynthia",mixed martial arts,6-month suspension,cannabinoids,03/07/2018,NA
2,"alexandrov, mihail (mike)",swimming,1-year suspension - loss of results,benzoylecgonine and methylecgonine,03/06/2018,NA
2,"anyanwu, azunna",mixed martial arts,1-year suspension,furosemide,03/02/2018,NA
2,"tukhugov, zubaira",mixed martial arts,2-year suspension,ostarine,02/15/2018,NA
2,"magomedov, ruslan",mixed martial arts,2-year suspension,ostarine,02/15/2018,NA
2,"wallhead, jim",mixed martial arts,9-month suspension,ostarine,02/06/2018,NA
2,"de tomas, carls john",mixed martial arts,1-year suspension,furosemide,02/05/2018,NA
2,"mulheron, james",mixed martial arts,1-year suspension,clomiphene,01/30/2018,NA
2,"less, david",cycling,2-year suspension - loss of results,non-analytical: refusal to submit to sample collection,01/29/2018,NA
2,"mannella, staci",paralympic alpine skiing,no fault or negligence,torsemide,01/29/2018,NA
2,"webb, craig",cycling,4-year suspension - loss of results,non-analytical: refusal to submit to sample collection,01/26/2018,NA
2,"schumm, jennifer",cycling,4-year suspension - loss of results,testosterone,01/25/2018,NA
2,"jackson, sharon",racquetball,public warning,spironolactone,01/24/2018,NA
2,"harrison, marck",boccia,public warning,chlorthalidone,01/24/2018,NA
2,"travis, alyssa",weightlifting,4-year suspension - loss of results,non-analytical: refusal to submit to sample: collection,01/23/2018,NA
2,"grayson, lemuel",weightlifting,public warning,hydrochlorothiazide,01/22/2018,NA
2,"beyer, bill",triathlon,2-year suspension - loss of results,testosterone,01/19/2018,NA
2,"rivera, francisco",mixed martial arts,4-year suspension,clenbuterol,01/19/2018,NA
2,"oliver, jordan",wrestling,1-year suspension - loss of results,amphetamine,01/09/2018,NA
2,"penne, jessica",mixed martial arts,18-month suspension,dehydroepiandrosterone (dhea),01/05/2018,NA
2,"vennera, james",archery,public warning,metoprolol,01/05/2018,NA
2,"miller, jeffery",cycling,4-year suspension - loss of results,"testosterone, human growth hormone (hgh), oxandrolone",12/28/2017,NA
2,"patel, vikas",track and field,4-year suspension - loss of results; sanction tolled due to retirement,non-analytical: ostarine,12/27/2017,NA
2,"wolter, kenna",track and field,2-year suspension - loss of results,"ostarine, methylstenbolone",12/22/2017,NA
2,"sanford, jonathan",track and field,1-year suspension - loss of results,non-analytical: use and possession (ostarine),12/21/2017,NA
2,"zoda, michael",weightlifting,2-year suspension - loss of results,non-analytical: possession (peptides),12/20/2017,NA
2,"polk, tori",track and field,2-year suspension - loss of results,non-analytical: possession (peptides),12/15/2017,NA
2,"harroufi, abdelmounaim",track and field,4-year suspension - loss of results,non-analytical: use and possession (aicar),12/08/2017,NA
2,"henderson, jay",cycling,6-month suspension with 3-month deferral - loss of results,cannabinoids,12/07/2017,NA
2,"boss, logan",track and field,public warning,canrenone,12/06/2017,NA
2,"owusu-nyantekyi, nana",track and field,1-year suspension from 1/8/2017 - loss of results from 8/25/2015,non-analytical: use and possession (ostarine),12/04/2017,NA
2,"blandford, jenna","cycling, triathlon",4-year suspension - loss of results,"non-analytical: use and possession (testosterone, hgh and oxandrolone)",11/28/2017,NA
2,"dates, royce",track and field,4-year suspension - loss of results,non-analytical: use and possession (ostarine),11/21/2017,NA
2,"roberts, lisa",triathlon,public warning - loss of results,vilanterol,11/10/2017,NA
2,"bell, kenwood (kenta)",track and field - athlete support personnel,lifetime; second violation,"non-analytical: possession, adminstration and complicity",11/08/2017,NA
2,"klineman, alexandra",volleyball,no fault or negligence,"hydrochlorothiazide, triamterene",11/06/2017,NA
2,"westbrook, atlanta",track and field,4-year suspension - loss of results,non-analytical: use and possession (ostarine),11/03/2017,NA
2,"moreno, brandon",mixed martial arts,no fault or negligence,clenbuterol,11/01/2017,NA
2,"felipe cabral de almeida, carlos",mixed martial arts,2-year suspension,stanozolol metabolites,10/20/2017,NA
2,"taylor, jesse",mixed martial arts,1-year suspension,clomiphene,10/13/2017,NA
2,"vance, shaquille",paralympic track and field,4 year suspension with 1 year reduction - loss of results,non-analytical: evading sample collection,10/10/2017,NA
2,"roehrick, nick",mixed martial arts,1-year suspension,clomiphene and its metabolite,09/21/2017,NA
2,"schiefer, john",cycling,6-month suspension - loss of results,clomiphene and its metabolite,09/06/2017,NA
2,"wuebben, zachary",weightlifting,4-year suspension - loss of results,clomiphene and methylphenidate metabolite ritalinic acid,08/31/2017,NA
2,"heinzl, sarah",paralympic basketball,public warning,non-analytical: use (higenamine),08/29/2017,NA
2,"leogrande, kayle",cycling,8-year suspension - loss of results,"raloxifene, ostarine, ibutamoren, gw1516 sulfone, rad140, lgd4033, andarine",08/28/2017,NA
2,"herbert, zack",weightlifting,2-year suspension - loss of results; sanction tolled due to retirement; unretired - eligible to compete starting 3/7/2020,non-analytical: refusal to submit to sample collection,08/22/2017,NA
2,"cannetti, guido",mixed martial arts,10-month suspension,"hydrochlorothiazide, chlorothiazide, ostarine and stanozolol metabolites",08/18/2017,NA
2,"acevedo-fuller, carlee",weightlifting,9-month suspension - loss of results,"higenamine, 1,4-dimethylpentylamine",08/16/2017,NA
2,"goodwin, marquise",track and field,1-year suspension - loss of results,non-analytical: 3 whereabouts failures,08/15/2017,NA
2,"carter, chris",track and field,9-month suspension - loss of results,ostarine,08/11/2017,NA
2,"blazejack, tony",cycling,4-year suspension - loss of results,clenbuterol,08/08/2017,NA
2,"stohr, riley",luge,6-month suspension - loss of results; sanction tolled due to retirement,cannabinoids,07/27/2017,NA
2,"cruse, j.c.",bobsled and skeleton,16-month suspension - loss of results,dimethylbutylamine (dmba),07/20/2017,NA
2,"bushey, kayla",track and field,2-year suspension - loss of results,non-analytical: use and possession,07/19/2017,NA
2,"mcpherson, scott",track and field,4-year suspension - loss of results; sanction tolled due to retirement,androgenic anabolic steroid,07/17/2017,NA
2,"nguyen, tam",weightlifting,4-year suspension - loss of results,non-analytical: refusal to submit to sample collection,07/14/2017,NA
2,"johnson, gea",cycling,21-month suspension - loss of results,modafinil,07/07/2017,NA
2,"barnes, benjamin",weightlifting,4-year suspension - loss of results,gw1516,06/30/2017,NA
2,"bayer, david",weightlifting,2.5-year suspension - loss of results,clomiphene and gw1516,06/30/2017,NA
2,"roberts, gil",track and field,no fault or negligence,probenecid,06/26/2017,NA
2,"sullivan, george",mixed martial arts,1-year suspension; second violation,clomiphene and its metabolite,06/20/2017,NA
2,"wilson, ajee",track and field,no fault or negligence - loss of results,zeranol,06/19/2017,NA
2,"gibilaro, ariel",archery,public warning,canrenone,06/16/2017,NA
2,"dykes, kelly",weightlifting,8-year suspension - loss of results; second violation,ostarine,06/08/2017,NA
2,"park, peter",paralympic track and field,21-month suspension - loss of results,androgenic anabolic steroid,06/08/2017,NA
2,"nackoul, michael",weightlifting,4-year suspension - loss of results,non-analytical: possession (peptides),06/02/2017,NA
2,"dosterschill, robert kyle",weightlifting,4-year suspension - loss of results,"androgenic anabolic steroid, amphetamine, drostanolone, mesterolone and dehydrochloromethyltestosterone (dhcmt)",05/31/2017,NA
2,"moore, tyler",weightlifting,4-year suspension - loss of results; sanction tolled due to retirement,ostarine,05/26/2017,NA
2,"creveling, chris",speedskating,4-year suspension - loss of results; sanction tolled due to retirement,clomiphene,05/15/2017,NA
2,"young, jason",track and field,4-year suspension - loss of results; sanction tolled due to retirement,non-analytical: use and possession (peptides),05/12/2017,NA
2,"gastelum, kelvin",mixed martial arts,6-month suspension with 3-month deferral,cannabinoids,05/11/2017,NA
2,"gingras, michael",weightlifting - athlete support personnel,lifetime suspension with reduction  to 12 years - loss of results; sanction tolled due to retirement,"non-analytical: possession, trafficking, and administration",05/11/2017,NA
2,"oliver, imani",track and field,1-year suspension - loss of results,ostarine,05/09/2017,NA
2,"abreu, ricardo",mixed martial arts,4-year suspension: sanction is tolled until athlete returns from retirement. second violation.,androgenic anabolic steroid & 19-norandrosterone (19-na),05/05/2017,NA
2,"moore, darien",track and field,4-year suspension - loss of results,methandienone,05/04/2017,NA
2,"harvey, scot",cycling,4-year suspension - loss of results,non-analytical: refusal to submit to sample collection,05/03/2017,NA
2,"nielson, cliff",track and field,4-year suspension - loss of results,non-analytical: use and possession (peptides),05/02/2017,NA
2,"beckwith-ludlow, molly",track and field,public warning,clomiphene,05/01/2017,NA
2,"mir, francisco",mixed martial arts,2-year suspension,dehydrochloromethyltestosterone (dhcmt),04/21/2017,NA
2,"rollins, brianna",track and field,1-year suspension - loss of results,non-analytical: 3 whereabouts failures,04/20/2017,NA
2,"geving, amanda",cycling,12-month suspension - loss of results,acetazolamide,04/19/2017,NA
2,"schrodt, patrick ""dillon""",bobsled and skeleton,16-month suspension - loss of results,dimethylbutylamine (dmba),04/06/2017,NA
2,"ledet, justin",mixed martial arts,4-month suspension,1-testosterone and 1-androstenedione,04/05/2017,NA
2,"good, lyman",mixed martial arts,6-month suspension,1-androstenedione and its metabolite,04/03/2017,NA
2,"nicolau pereira, matheus",mixed martial arts,1-year suspension,anastrozole,03/29/2017,NA
2,"hall, mary",weightlifting,4-year suspension - loss of results,oxandrolone and its metabolite,03/28/2017,NA
2,"pires nogueira, leonardo",brazilian jiu-jitsu,2-year suspension - loss of results,clomiphene,03/27/2017,NA
2,"andrade, viscardi",mixed martial arts,2-year suspension,stanozolol and its metabolites,03/21/2017,NA
2,"dykes, kelly",weightlifting,4-year suspension - loss of results,"clenbuterol, ostarine, and a tamoxifen metabolite",03/16/2017,NA
2,"green, roderick","paralympic track and field, paralympic volleyball",9-month suspension - loss of results,ostarine,03/14/2017,NA
2,"prenoveau, robert",paralympic curling,public warning - loss of results,hydrochlorothiazide and chlorothiazide,03/07/2017,NA
2,"cosby-toruga, jessica",track and field,6-year suspension - loss of results; second violation; sanction tolled due to retirement,androgenic anabolic steroid,03/06/2017,NA
2,"dawson, gabriel",weightlifting,4-year suspension - loss of results,amphetamine,03/02/2017,NA
2,"lawlor, tom",mixed martial arts,2-year suspension,ostarine,02/24/2017,NA
2,"pierik, vincent",weightlifting,4-year suspension - loss of results,"19-norandrosterone (19-na), drostanolone and its metabolites, and epitrenbolone",02/21/2017,NA
2,"harper-nelson, dawn",track and field,3-month suspension - loss of results,hydrochlorothiazide,02/07/2017,NA
2,"omielanczuk, daniel",mixed martial arts,no fault or negligence,meldonium,02/06/2017,NA
2,"cabada, fernando",track and field,no fault or negligence,clenbuterol,02/02/2017,NA
2,"olivieri, luis felipe",mixed martial arts,2-year suspension,methyltestosterone,01/25/2017,NA
2,"vrabel, andrew",weightlifting,4-year suspension - loss of results; sanction tolled due to retirement,non-analytical,01/11/2017,NA
2,"chan, charis",weightlifting,4-year suspension - loss of results,epitrenbolone,01/09/2017,NA
2,"matsushima, angelique",weightlifting,6-month suspension with 3-month deferral - loss of results,cannabinoids,01/06/2017,NA
2,"lesnar, brock",mixed martial arts,1-year suspension,clomiphene,01/04/2017,NA
2,"lamour, joseph",team handball,2-year suspension - loss of results,amphetamine,12/22/2016,NA
2,"ferreira, carlos diego",mixed martial arts,17-month suspension,ostarine and 7-keto-dhea,12/21/2016,NA
2,"mazzie, joseph",roller sports,4-year suspension - loss of results,rad140 and ibutamoren,12/20/2016,NA
2,"hudson, ryan",weightlifting,4-year suspension - loss of results; sanction was tolled due to retirement; unretired - eligible to compete starting 4/4/2021,stanozolol metabolites,12/15/2016,NA
2,"mossberg, nick",track and field,4-year suspension - loss of results; sanction tolled due to retirement,non-analytical: use and possession (peptides),12/14/2016,NA
2,"luton, thomas",cycling,4-year suspension - loss of results,"non-analytical: use and possession (epo, hgh, testosterone)",12/13/2016,NA
2,"reyes, brandon",weightlifting,6-month suspension - loss of results,"1,3-dimethylbutylamine (dmba)",12/07/2016,NA
2,"moore, nicole",weightlifting,6-month suspension - loss of results,"1,3-dimethylbutylamine (dmba)",12/05/2016,NA
2,"pinney, ryan",paralympic cycling,18-month suspension - loss of results,androgenic anabolic steroid,12/01/2016,NA
2,"machida, lyoto",mixed martial arts,18-month suspension,7?keto?dhea,11/16/2016,NA
2,"sullivan, george",mixed martial arts,1-year suspension,non-analytical: use (igf-1),11/08/2016,NA
2,"dunkum, michael",wrestling,4-year suspension - loss of results; sanction tolled due to retirement,non-analytical: use and possession (peptides),11/07/2016,NA
2,"jones, jon",mixed martial arts,1-year suspension,"clomiphene, letrozole",11/07/2016,NA
2,"bidlow, cody",track and field,4-year suspension - loss of results,non-analytical:: use (peptides),11/03/2016,NA
2,"root, tim",cycling,4-year suspension - loss of results,non-analytical: failure to appear to sample collection,11/02/2016,NA
2,"ulloa, camilo",cycling,4-year suspension - loss of results,androgenic anabolic steroid and methylphenidate,10/26/2016,NA
2,"edilov, abdul-kerim",mixed martial arts,15 month suspension - loss of results,meldonium,10/21/2016,NA
2,"danielson, tom",cycling,4-year suspension - loss of results; second violation,androgenic anabolic steroid,10/06/2016,NA
2,"diaz, nate",mixed martial arts,public warning,cannabinoids,10/06/2016,NA
2,"d'aurelio, shawn",cycling,4-year suspension - loss of results,non-analytical: refusal to submit to sample collection,10/03/2016,NA
2,"kimmons, trell",track and field,2-year suspension - loss of results,"1,3-dimethylbutylamine",09/27/2016,NA
2,"schwab, jeff",cycling,2-year suspension - loss of results,androgenic anabolic steroid,09/08/2016,NA
2,"rivera, rizelyx",weightlifting,1-year suspension - loss of results,oxycodone,09/06/2016,NA
2,"jingliang, li",mixed martial arts,no fault or negligence,clenbuterol,09/02/2016,NA
2,"fagua raquira, ana milena",cycling,4-year suspension - loss of results,androgenic anabolic steroid,09/01/2016,NA
2,"montano, augusto",mixed martial arts,no fault or negligence,clenbuterol,08/31/2016,NA
2,"tutukin, ivan",triathlon,no fault or negligence - loss of results,meldonium,08/31/2016,NA
2,"denney phillips, jessica","cycling, weightlifting",14 month suspension - loss of results,non-analytical: use (iv),08/24/2016,NA
2,"baatz, robert",cycling,2-year suspension - loss of results,androgenic anabolic steroid,08/23/2016,NA
2,"ciolli, kimberly",cycling,2-year suspension - loss of results,androgenic anabolic steroid and propylhexadrine,08/22/2016,NA
2,"burka gameda, gebo",track and field,18-month suspension - loss of results,prednisone,08/19/2016,NA
2,"verrando-higgins, mary",cycling,1-year suspension - loss of results,metabolites of methyltestosterone,08/15/2016,NA
2,"riggs, crystal",weightlifting,6-month suspension - loss of results,furosemide,08/12/2016,NA
2,"cawley, thomas",track and field,4-year suspension - loss of results; sanction tolled due to retirement,non-analytical: use,08/11/2016,NA
2,"guangyou, ning",mixed martial arts,no fault or negligence,clenbuterol,08/09/2016,NA
2,"anderson, robert",paralympic judo,3-month suspension - loss of results,non-analytical: use (vilanterol),08/04/2016,NA
2,"palmer, liz",track and field,4-year suspension with 6 month reduction - loss of results,methandienone metabolite,08/03/2016,NA
2,"abreu, ricardo",mixed martial arts,2-year suspension - loss of results,androgenic anabolic steroid & 19-norandrosterone (19-na),07/29/2016,NA
2,"lobintsev, nikita",swimming,no fault or negligence,meldonium,07/29/2016,NA
2,"makhachev, islam",mixed martial arts,no fault or negligence,meldonium,07/27/2016,NA
2,"bough, gino",karate,1-year suspension - loss of results,non-analytical: 3 whereabouts failures,07/25/2016,NA
2,"tarasevich, grigory",swimming,no fault or negligence - loss of results,meldonium,07/22/2016,NA
2,"lehonkova, nataliya",track and field,no fault or negligence,meldonium,07/21/2016,NA
2,"mendes, chad",mixed martial arts,2-year suspension - loss of results,growth hormone-releasing hexapeptide,07/20/2016,NA
2,"pizza, gregory",track and field,20-month suspension - loss of results,androgenic anabolic steroid,07/20/2016,NA
2,"dutta, susan",equestrian,public warning - loss of results,methylprednisolone,07/19/2016,NA
2,"holt, max",volleyball,no fault or negligence,meldonium,07/14/2016,NA
2,"shaldybin, kristen",gymnastics,no fault or negligence,hydrochlorothiazide,07/14/2016,NA
2,"howe, james",taekwondo,6-month suspension with 3-month deferral - loss of results,cannabinoids,07/12/2016,NA
2,"brandt-sorenson, nick",cycling,lifetime suspension - loss of results; second & third violation,"non-analytical: possession, trafficking and complicity  (epo & hgh)",07/11/2016,NA
2,"penn, bj",mixed martial arts,6-month suspension,non-analytical: use (iv),06/27/2016,NA
2,"tierney, sam",swimming,public warning,non-analytical: use (vilanterol),06/24/2016,NA
2,"berry, gwen",track and field,3-month suspension - loss of results,non-analytical: use (vilanterol),06/13/2016,NA
2,"williams, nia",rugby,4-year suspension - loss of results,"19-norandrosterone (19-na), 19-noretiocholanolone, and drostanolone and its metabolites",06/13/2016,NA
2,"means, tim",mixed martial arts,6-month suspension - loss of results,ostarine,06/10/2016,NA
2,"brandao, diego",mixed martial arts,9-month suspension - loss of results,cannabinoids,05/19/2016,NA
2,"faria, breno correina abrantes",brazilian jiu-jitsu - athlete support personnel,4-year suspension - loss of results,non-analytical,05/18/2016,NA
2,"lehr, daniel",weightlifting,4-year suspension with 3-month reduction - loss of results,"androstenedione, ostarine",05/02/2016,NA
2,"lugo, yamile",cycling,4-year suspension with 2-year reduction - loss of results,androgenic anabolic steroid,04/26/2016,NA
2,"romero, yoel",mixed martial arts,6-month suspension,ibutamoren,04/04/2016,NA
2,"de castroverde, landon",weightlifting,4-year suspension - loss of results,non-analytical: refusal to submit to sample collection,04/01/2016,NA
2,"paulson, ashley",triathlon,6-month suspension - loss of results,ostarine,03/31/2016,NA
2,"cho, chris hyun",weightlifting,6-month suspension - loss of results,dimethylbutylamine,03/30/2016,NA
2,"buckley, michael",cycling,4-year suspension - loss of results,"androgenic anabolic steroid, anastrozole, lgd-4033 and ostarine",03/25/2016,NA
2,"lo, wayne",paralympic table tennis,public warning - loss of results,hydrochlorothiazide and chlorothiazide,03/09/2016,NA
2,"tibau, gleison",mixed martial arts,2-year suspension - loss of results,erythropoietin (epo),02/18/2016,NA
2,"leeper, blake (patrick)",paralympic track and field,1-year suspension - loss of results,benzoylecgonine,02/01/2016,NA
2,"kyle, cicely",weightlifting,2-year suspension - loss of results,androgenic anabolic steroid,12/30/2015,NA
2,"roberto, joseph",weightlifting,4-year suspension - loss of results,ghrp-2,12/29/2015,NA
2,"mariita, lilian",track and field,8-year suspension - loss of results,androgenic anabolic steroid,12/28/2015,NA
2,"harbert, tara",baseball,8-year suspension - loss of results; sanction tolled due to retirement,tamoxifen and non-analytical: refusal to submit to sample collection,12/21/2015,NA
2,"rolo, nelson",cycling,1-year suspension - loss of results,benzoylecgonine,12/11/2015,NA
2,"hickman, todd",cycling,4-year suspension - loss of results,stanozolol / methylphenidate,12/04/2015,NA
2,"filipovic, mirko",mixed martial arts,2-year suspension - loss of results,human growth hormone (hgh),11/25/2015,NA
2,"arello jr., robert",track and field,public warning - loss of results,"hydrochlorothiazide, chlorothiazide",10/27/2015,NA
2,"coushay, brian",track and field,2-year suspension - loss of results,amphetamine,10/23/2015,NA
2,"mulwitz, lauren",cycling,6-month suspension with 3-month deferral - loss of results,cannabinoids,09/11/2015,NA
2,"rybka, jason",weightlifting,4-year suspension with 8 month reduction - loss of results,"methasterone, ostarine, androstatrienedione",08/18/2015,NA
2,"field, emily",ice hockey,1-year suspension - loss of results,non-analytical: 3 whereabouts failures,06/08/2015,NA
2,"radcliffe, robert",triathlon,18-month suspension - loss of results,"non-analytical: use and possession (epo, hgh)",06/05/2015,NA
2,"radcliffe, brook",triathlon,2-year suspension - loss of results,non-analytical: use and possession (epo),06/04/2015,NA
2,"schmidt, kyle",cycling,2-year suspension - loss of results,non-analytical: use and possession (epo),06/02/2015,NA
2,"pena, felipe",brazilian jiu-jitsu,2-year suspension with 1 year reduction - loss of results,androgenic anabolic steroid,05/26/2015,NA
2,"luck, jonathan (carter)",cycling,12-month suspension - loss of results,non-analytical: use and possession (hgh & testosterone),05/13/2015,NA
2,"mcgillivray, deanna",team handball,2-year suspension - loss of results,"trenbolone, epitrenbolone",04/02/2015,NA
2,"mutinda, joseph",track and field,3-year suspension - loss of results,"19-norandrosterone, epo, furosemide",03/25/2015,NA
2,"odesnik, wayne",tennis,15-year suspension - loss of results,"methenolone, androst-(2,3)-en-17-one, and ghrp-6",03/18/2015,NA
2,"ketema asfaw, atalelech",track and field,2-year suspension - loss of results,ephedrine,03/12/2015,NA
2,"leinders, geert",cycling - athlete support personnel,lifetime suspension,"non-analytical: possession, trafficking, and administration",01/22/2015,NA
2,"north, jonathan",weightlifting,2-year suspension - loss of results; sanction tolled due to retirement; unretired - eligible to compete starting 2/1/2019,non-analytical: 3 whereabouts failures,01/22/2015,NA
2,"poole, quintaveon",track and field,6-month suspension - loss of results,methylhexaneamine,01/20/2015,NA
2,"anderson, kristi",track and field,1-year suspension - loss of results,androgenic anabolic steroid,12/23/2014,NA
2,"mcpherson, inika",track and field,21-month suspension - loss of results,benzoylecgonine,12/19/2014,NA
2,"drummond, jon",track and field - athlete support personnel,8-year suspension,"non-analytical: possession, trafficking, and administration",12/17/2014,NA
2,"estima, braulio",brazilian jiu-jitsu,2-year suspension - loss of results,methylhexaneamine,11/25/2014,NA
2,"carlin, nikki",weightlifting,2-year suspension - loss of results; sanction tolled due to a whereabouts compliance failure,"clenbuterol, and oxandrolone and its metabolite",11/14/2014,NA
2,"perkins, ravaughn",wrestling,6-month suspension - loss of results,furosemide,10/16/2014,NA
2,"erickson, sarah",ice hockey,1-year suspension - loss of results,non-analytical: 3 whereabouts failures,10/13/2014,NA
2,"dana, ryan",weightlifting,21-month suspension - loss of results,androgenic anabolic steroid,10/09/2014,NA
2,"o'hara, damian",judo,1-year suspension - loss of results,"methylclostebol, promagnon",10/08/2014,NA
2,"spearmon, jr., wallace",track and field,3-month suspension - loss of results,methylprednisolone,09/19/2014,NA
2,"martin, james",cycling,2-year suspension - loss of results,non-analytical: failure to appear to sample collection,08/19/2014,NA
2,"loader, logan",cycling,8-month suspension - loss of results; sanction tolled due to retirement,methylhexaneamine,07/16/2014,NA
2,"ives, kevin",bobsled and skeleton,1-year suspension - loss of results,non-analytical: 3 whereabouts failures,07/08/2014,NA
2,"hicks, jeremy",track and field,1-year suspension - loss of results,non-analytical: 3 whereabouts failures,06/20/2014,NA
2,"trojan, nicholas",rowing,9-month suspension - loss of results,methylphenidate and its metabolite,06/11/2014,NA
2,"dixon, reginald",track and field,1-year suspension - loss of results,non-analytical: 3 whereabouts failures,06/06/2014,NA
2,"blanc, obenson",wrestling,2-year suspension - loss of results,ostarine,05/15/2014,NA
2,"robertson, todd",cycling,8-year suspension - loss of results; second violation,modafinil,05/08/2014,NA
2,"gay, tyson",track and field,2-year suspension with 1 year reduction - loss of results,androgenic anabolic steroid,05/02/2014,NA
2,"koon, paul",boxing,2-year suspension - loss of results,non-analytical: 3 whereabouts failures,04/28/2014,NA
2,"davis, walter",track and field,1-year suspension - loss of results,non-analytical: 3 whereabouts failures,04/21/2014,NA
2,"carnes, andrew",track and field,2-year suspension - loss of results,"non-analytical: possession, use and possession (epo)",04/18/2014,NA
2,"lemos garcia, gabrielle",brazillian jiu-jitsu,loss of results,clomiphene,03/26/2014,NA
2,"o'keefe, shannon",bowling,public warning,clomiphene,03/14/2014,NA
2,"atkinson, annie",judo,3-month suspension - loss of results,"hydrochlorothiazide, chlorothiazide, triamterene, 4-hydroxytriamterene",02/28/2014,NA
2,"perry, brett",speedskating,9-month suspension - loss of results,methylphenidate and its metabolite,02/26/2014,NA
2,"beyene, hirut",track and field,4 month suspension - loss of results,methylhexaneamine,02/21/2014,NA
2,"marte, cesar",cycling,2-year suspension - loss of results,modafinil,02/03/2014,NA
2,"baker, daniel",cycling,2-year suspension - loss of results,androgenic anabolic steroid,01/24/2014,NA
2,"robles, sarah",weightlifting,2-year suspension - loss of results,androgenic anabolic steroid,01/14/2014,NA
2,"leduc, david",cycling,2-year suspension - loss of results,"androgenic anabolic steroid,  erythropoietin (epo) and amphetamine",12/30/2013,NA
2,"klineman, alexandra",volleyball,13-month suspension - loss of results,androgenic anabolic steroid,12/20/2013,NA
2,"akor, mary",track and field,2-year suspension - loss of results,clenbuterol,12/18/2013,NA
2,"rogers, jason",cycling,9-month suspension - loss of results,methylhexaneamine,11/27/2013,NA
2,"meeker, richard",cycling,2-year suspension - loss of results,19-norandrosterone (19-na) and 19-noretiocholanolone,11/26/2013,NA
2,"morelli, shawn",paralympic cycling,180 day suspension - loss of results,methylhexaneamine,11/15/2013,NA
2,"camarena-williams, jillian",track and field,6-month suspension - loss of results,clomiphene,10/04/2013,NA
2,"crouse, camdin",paralympic track and field,2-year suspension - loss of results; sanction extended due to a whereabouts compliance failure,amphetamine and methylhexaneamine,09/23/2013,NA
2,"walden, spencer",track and field,6-month suspension with 3-month deferral - loss of results,cannabinoids,09/20/2013,NA
2,"bradley, dominique",wrestling,8-month suspension - loss of results,methylhexaneamine,09/06/2013,NA
2,"aira, yoelkis",cycling,2-year suspension - loss of results,phentermine,09/05/2013,NA
2,"ramos, don",weightlifting,2-year suspension - loss of results,androgenic anabolic steroid,08/30/2013,NA
2,"flood, gregory",rowing,public warning - loss of results,glycerol,08/20/2013,NA
2,"petrucci, frank",rowing,public warning - loss of results,glycerol,08/20/2013,NA
2,"klier, andreas",cycling,6-month suspension - loss of results,"non-analytical: use (epo, hgh, cortisone, blood tranfusions)",08/15/2013,NA
2,"dyer, kristopher",weightlifting,9-month suspension - loss of results,methylhexaneamine,08/09/2013,NA
2,"wilhelm, brian",weightlifting,9-month suspension - loss of results,methylhexaneamine,08/08/2013,NA
2,"teeple, sloan","cycling, triathlon",18-month suspension - loss of results,androgenic anabolic steroid,06/28/2013,NA
2,"anwar, abdallah",paralympic boccia,public warning,hydrochlorothiazide and chlorothiazide,06/20/2013,NA
2,"ostrowski, cameron",track and field,2-year suspension with 1 year reduction - loss of results,methylhexaneamine,06/07/2013,NA
2,"downing, trey",track and field,18-month suspension - loss of results,non-analytical: refusal to submit to sample collection,05/31/2013,NA
2,"flanagan, tyler",skiing and snowboarding,2-year suspension - loss of results; sanction tolled,non-analytical: refusal to submit to sample collection,05/09/2013,NA
2,"pol rodriguez, yosmani",cycling,2-year suspension - loss of results,dexamethasone,04/19/2013,NA
2,"crawford, shawn",track and field,2-year suspension - loss of results,non-analytical: 3 whereabouts failures,04/18/2013,NA
2,"morales, erik",professional boxing,2-year suspension - loss of results,clenbuterol,03/22/2013,NA
2,"hersey, mike",paralympic sailing,public warning,hydrochlorothiazide and chlorothiazide,03/12/2013,NA
2,"wenzel, roger",track and field,2-year suspension - loss of results,androgenic anabolic steroid and modafinil,03/08/2013,NA
2,"aldredge, graham",cycling,16-month suspension - loss of results,non-analytical: failure to appear to sample collection,02/22/2013,NA
2,"jay-rayon, cyril",cycling,18-month suspension - loss of results,modafinil,12/31/2012,NA
2,"hall, joseph",shooting,1-year suspension - loss of results,19-norandrosterone (19-na) and 19-noretiocholanolone,12/21/2012,NA
2,"vessey, maggie",track and field,public warning - loss of results,canrenone,12/21/2012,NA
2,"hesch, christian",track and field,2-year suspension with 6 month reduction - loss of results,non-analytical: use (epo),12/14/2012,NA
2,"fretta, mark",triathlon,4-year suspension - loss of results,abp and non-analytical: use (epo),11/09/2012,NA
2,"barry, michael",cycling,6-month suspension - loss of results,"non-analytical: use (epo, hgh, testosterone)",10/10/2012,NA
2,"danielson, tom",cycling,6-month suspension - loss of results,"non-analytical: use (epo, hgh, testosterone, cortisone, blood transfusions)",10/10/2012,NA
2,"hincapie, george",cycling,6-month suspension - loss of results,"non-analytical: use (epo, hgh, testosterone, blood transfusions)",10/10/2012,NA
2,"leipheimer, levi",cycling,6-month suspension - loss of results,"non-analytical: use (epo, testosterone, blood transfusions)",10/10/2012,NA
2,"vande velde, christian",cycling,6-month suspension - loss of results,"non-analytical: use (epo, hgh, testosterone, cortisone)",10/10/2012,NA
2,"zabriskie, david",cycling,6-month suspension - loss of results,"non-analytical: use (epo, hgh, testosterone)",10/10/2012,NA
2,"cruz, julio",cycling,6-month suspension - loss of results,methylhexaneamine,09/14/2012,NA
2,"dunn anderson, debbie",track and field,2-year suspension - loss of results,androgenic anabolic steroid,09/11/2012,NA
2,"guarini, gabriele",cycling,2-year suspension - loss of results,erythropoietin (epo),09/07/2012,NA
2,"andrus, steven",wrestling,1-year suspension - loss of results,cannabinoids & amphetamine,08/31/2012,NA
2,"lopez, cesar",cycling,3-month suspension with 3-month deferral - loss of results,cannabinoids,08/31/2012,NA
2,"armstrong, lance",cycling,lifetime suspension - loss of results,"non-analytical: use, possession, trafficking, administration and complicity",08/24/2012,NA
2,"bascio, monica","paralympic nordic skiing, paralympic cycling",3-month suspension - loss of results,tuaminoheptane,08/15/2012,NA
2,"brown, matthew",paralympic track and field,1-year suspension - loss of results; second violation,hydrochlorothiazide & chlorothiazide,08/03/2012,NA
2,"anthony, david",cycling,2-year suspension - loss of results,erythropoietin (epo),07/25/2012,NA
2,"fletcher, mark",judo,3-month suspension - loss of results,cannabinoids,07/18/2012,NA
2,"gilbert, joshua",weightlifting,3-year suspension - loss of results,furosemide and non-analytical: refusal to submit to sample collection,07/17/2012,NA
2,"ferrari, michele",cycling - athlete support personnel,lifetime suspension,non-analytical,07/10/2012,NA
2,"solo, hope",soccer,public warning,canrenone,07/09/2012,NA
2,"lee, stephany",wrestling,1-year suspension - loss of results,cannabinoids,06/28/2012,NA
2,"madsen, angela","paralympic track and field, paralympic rowing",public warning - loss of results,fentanyl,06/22/2012,NA
2,"stacy, shelby",cycling,6-month suspension - loss of results,methylhexaneamine,06/16/2012,NA
2,"shields, jerry",paralympic archery,public warning - loss of results,"hydrochlorothiazide, chlorothiazide, triamterene and labetalol",04/27/2012,NA
2,"lock, jane",judo,2-year suspension - loss of results,non-analytical: 3 whereabouts failures,04/20/2012,NA
2,"mendes, patrick",weightlifting,2-year suspension - loss of results,human growth hormone (hgh),04/16/2012,NA
2,"kochem, matt",rowing,1-year suspension - loss of results,non-analytical: 3 whereabouts failures,04/13/2012,NA
2,"robertson, todd",cycling,2-year suspension with 9 month reduction - loss of results,erythropoietin (epo),03/30/2012,NA
2,"rodgers, michael",track and field,9-month suspension - loss of results,methylhexaneamine,03/01/2012,NA
2,"thompson, lenroy",boxing,1-year suspension - loss of results,non-analytical: 3 whereabouts failures,02/26/2012,NA
2,"arias, luis",boxing,1-year suspension - loss of results,non-analytical: 3 whereabouts failures,02/24/2012,NA
2,"brandt-sorenson, nick",cycling,2-year suspension - loss of results,efaproxiral,01/13/2012,NA
2,"bates, jessie",taekwondo,1-year suspension with 2-month reduction - loss of results,methylhexaneamine,12/05/2011,NA
2,"allen, damon",boxing,6-month suspension - loss of results,furosemide,11/29/2011,NA
2,"spuehler, pamela",field hockey,2-month suspension - loss of results,canrenone,11/23/2011,NA
2,"diamond, michael",cycling,2-year suspension - loss of results,non-analytical: refusal to submit to sample collection,11/18/2011,NA
2,"tadd, nathaniel",taekwondo,2-year suspension - loss of results; sanction was tolled due to whereabouts compliance failure,methylhexaneamine,11/17/2011,NA
2,"kieser, frederic",track and field,8-month suspension - loss of results,methylhexaneamine,10/27/2011,NA
2,"miller, michael",cycling,8 month suspension - loss of results,methylhexaneamine,10/26/2011,NA
2,"duhon, byron",track and field,2-year suspension - loss of results,non-analytical: refusal to submit to sample collection,10/25/2011,NA
2,"papp, joseph",cycling,lifetime suspension with reduction to 8-year suspension - loss of results; second violation,non-analytical: distributing,10/21/2011,NA
2,"jager, kathleen",track and field,2-year suspension - loss of results,androgenic anabolic steroid,10/18/2011,NA
2,"hunter, michael",boxing,3-month suspension with 3-month deferral - loss of results,cannabinoids,10/11/2011,NA
2,"lorenz, john",wrestling,2-year suspension - loss of results,clomiphene,10/10/2011,NA
2,"dibuono, matthew",track and field,4-year suspension - loss of results,androgenic anabolic steroid,10/07/2011,NA
2,"hernandez, roger",cycling,2-year suspension - loss of results,non-analytical: refusal to submit to sample collection,10/06/2011,NA
2,"shumaker, stephen",track and field,2-year suspension - loss of results,androgenic anabolic steroid,09/30/2011,NA
2,"clinger, david",cycling,lifetime suspension - loss of results; second violation,clenbuterol,08/12/2011,NA
2,"dodson, amy","paralympic track and field, paralympic triathlon",6-month suspension - loss of results,oxilofrine,07/22/2011,NA
2,"brown, matthew",paralympic track and field,3-month suspension with 3-month deferral - loss of results,cannabinoids,07/18/2011,NA
2,"webster, joshua",cycling,2-year suspension - loss of results,methylhexaneamine & phenpromethamine,07/15/2011,NA
2,"reis, fernando",weightlifting,6-month suspension - loss of results,methylhexaneamine,07/14/2011,NA
2,"quintero, lisban",cycling,2-year suspension - loss of results,19-norandrosterone (19-na) and 19-noretiocholanolone,07/01/2011,NA
2,"jones, harrison",diving,1-year suspension - loss of results,cannabinoids,06/17/2011,NA
2,"zajicek, philip",cycling,lifetime suspension - loss of results; second violation,non-analytical: purchase (epo),06/10/2011,NA
2,"nguyen, jonathan",taekwondo,6-month suspension - loss of results,methylhexaneamine,05/27/2011,NA
2,"freeman, thomas",track and field,1-year suspension - loss of results,cannabinoids,05/26/2011,NA
2,"cannell, peter",cycling,2-year suspension - loss of results,drostanolone,04/08/2011,NA
2,"blanco, alberto",cycling,2-year suspension - loss of results,testosterone metabolites (exogenous origin),04/04/2011,NA
2,"tilin, andrew",cycling,2-year suspension - loss of results,non-analytical: use (testosterone & dhea),04/01/2011,NA
2,"block, mark",track and field - athlete support personnel,10 year suspension,non-anatlyical: administration and trafficking,03/17/2011,NA
2,"bathum, mark",paralympic alpine skiing,public warning - loss of results,acetazolamide,12/28/2010,NA
2,"coyle, chuck",cycling,2-year suspension - loss of results,"non-analytical: possession, use and possession (epo, igf-1)",11/24/2010,NA
2,"schubel, neal",cycling,2-year suspension - loss of results,"non-analytical: purchase, possession and use (epo)",11/24/2010,NA
2,"tsourtsoulas, evangelos",rowing,public warning - loss of results,formoterol and budesonide,10/29/2010,NA
2,"clay, ramon",track and field,2-year suspension - loss of results,non-analytical: use and possession,10/22/2010,NA
2,"merritt, lashawn",track and field,21-month suspension - loss of results,androgenic anabolic steroid,10/18/2010,NA
2,"o'bee, kirk",cycling,lifetime - loss of results; second violation,erythropoietin (epo),10/06/2010,NA
2,"mahoney, sean",swimming,6-month suspension - loss of results,methylhexaneamine,10/01/2010,NA
2,"chodroff, jonathan",cycling,2-year suspension - loss of results,non-analytical: use and possession (epo),09/17/2010,NA
2,"goff, tyler",speedskating,1-year suspension - loss of results,non-analytical: 3 whereabouts failures,09/13/2010,NA
2,"dickey, duane",cycling,lifetime suspension - loss of results,"non-analytical: refusal to submit to sample collection, possession and use (epo)",09/10/2010,NA
2,"crater, andrew",cycling,3-month suspension with 3-month deferral - loss of results,cannabinoids,09/09/2010,NA
2,"lukezic, chris",track and field,2-year suspension - loss of results,non-analytical: refusal to submit to sample collection,09/02/2010,NA
2,"jelks, mark",track and field,2-year suspension - loss of results,non-analytical: 3 whereabouts failures,08/30/2010,NA
2,"barnette, brandon",roller sports,1-year suspension - loss of results,non-analytical: 3 whereabouts failures,08/25/2010,NA
2,"berry, michael",track and field,3-month suspension with 3-month deferral - loss of results,cannabinoids,08/19/2010,NA
2,"wilmoth, joel",paralympic rugby,2-year suspension - loss of results,non-analytical: refusal to submit to sample collection,08/09/2010,NA
2,"monsees, zachary",water polo,3-month suspension with 3-month deferral - loss of results,cannabinoids,08/02/2010,NA
2,"devine, matthew",weightlifting,2-year suspension - loss of results,androgenic anabolic steroid,07/16/2010,NA
2,"stewart, raymond",track and field - athlete support personnel,lifetime suspension,non-analytical: trafficking and administering,06/28/2010,NA
2,"cochran, jerren",boxing,2-year suspension - loss of results,furosemide,06/11/2010,NA
2,"gomez, jesus",boxing,2-year suspension - loss of results,non-analytical: refusal to submit to sample collection,06/10/2010,NA
2,"gipson, teddy",basketball,6-month suspension,non-analytical: tampering,06/08/2010,NA
2,"greene, orien",basketball,2-year suspension with 112 day increase for playing during suspension,non-analytical: tampering,06/08/2010,NA
2,"cosby-toruga, jessica",track and field,4 month suspension - loss of results,hydrochlorothiazide & chlorothiazide,05/10/2010,NA
2,"morrow, emilia",taekwondo,6-month suspension - loss of results,hydrochlorothiazide & chlorothiazide,05/06/2010,NA
2,"jones, randy",bobsled and skeleton,2-year suspension - loss of results,non-analytical: refusal to submit to sample collection,04/26/2010,NA
2,"jones, harrison",diving,3-month suspension with 3-month deferral - loss of results,cannabinoids,04/13/2010,NA
2,"zirbel, tom",cycling,2-year sanction with 30% reduction - loss of results,androgenic anabolic steroid,04/02/2010,NA
2,"clinger, david",cycling,2-year suspension - loss of results,androgenic anabolic steroid and modafinil,03/19/2010,NA
2,"williams, ivory",track and field,3-month suspension with 3-month deferral - loss of results,cannabinoids,03/10/2010,NA
2,"barnwell, val",track and field,2-year suspension - loss of results,testosterone prohormones,03/03/2010,NA
2,"ross, duane",track and field,2-year suspension - loss of results,non-analytical positive,02/05/2010,NA
2,"cox, crystal",track and field,4-year suspension - loss of results; second violation,non-analytical: use,01/29/2010,NA
2,"ellenwood, garfield",track and field,2-year suspension - loss of results,non-analytical,01/28/2010,NA
2,"derosier, philippe",track and field,6-month suspension - loss of results,methylhexanamine,01/26/2010,NA
2,"mock, david",cycling,3-month suspension with 3-month deferral - loss of results,cannabinoids,12/17/2009,NA
2,"o'neil, joshua",judo,2-year suspension - loss of results,methylphenidate metabolite ritalinic acid,12/17/2009,NA
2,"williams, kenneth",cycling,"2-year suspension - loss of results 
suspension extended 103 days",androgenic anabolic steroid,12/03/2009,NA
2,"swanguen, john",cycling,3-month suspension with 3-month deferral - loss of results,cannabinoids,10/20/2009,NA
2,"comardo, mitch",cycling,2-year suspension - loss of results,"tamoxifen and its metabolite, anastrozole, letrozole, human chorionic gonadotrophin (hcg), and clomiphene",10/06/2009,NA
2,"manning, joy",team handball,2-year suspension - loss of results,cannabinoids,09/07/2009,NA
2,"leonard, stephanie",cycling,3-month suspension with 3-month deferral - loss of results,cannabinoids,06/18/2009,NA
2,"hamilton, tyler",cycling,8-year suspension - loss of results; second violation,androgenic anabolic steroid,06/16/2009,NA
2,"washburn, bradley",paralympic alpine skiing,3-month suspension with 3-month deferral - loss of results,cannabinoids,06/02/2009,NA
2,"lee, stephany",wrestling,3-month suspension with 3-month deferral - loss of results,cannabinoids,05/13/2009,NA
2,"shuey, bryan",skiing and snowboarding,3-month suspension - loss of results,cannabinoids,05/08/2009,NA
2,"hardy, jessica",swimming,1-year suspension - loss of results,clenbuterol,05/04/2009,NA
2,"connelly, james",paralympic sled hockey,3-month suspension with 3-month deferral - loss of results,cannabinoids,04/28/2009,NA
2,"lange, michael",cycling,2-year suspension - loss of results,strychnine,04/17/2009,NA
2,"freeman, thomas",track and field,3-month suspension with 3-month deferral - loss of results,cannabinoids,04/16/2009,NA
2,"burns, samuel",rowing,2-year suspension - loss of results,non-analytical: refusal to submit to sample collection,04/10/2009,NA
2,"vaden, jordan",track and field,2-year suspension - loss of results,stanozolol metabolites,02/06/2009,NA
2,"sagmeister, leann",paralympic track and field,2-year suspension - loss of results,non-analytical: refusal to submit to sample collection,01/29/2009,NA
2,"brunemann, emily",swimming,6-month suspension,hydrochlorothiazide and triamterene,01/28/2009,NA
2,"pope, mitchell",track and field,2-year suspension - loss of results,boldenone metabolite,01/23/2009,NA
2,"leogrande, kayle",cycling,2-year suspension - loss of results,non-analytical: use (epo),12/01/2008,NA
2,"hristov, nikolay",weightlifting,2-year suspension - loss of results,non-analytical: missed tests,11/20/2008,NA
2,"mcnally, john",shooting,6-month suspension - loss of results,hydrochlorothiazide and chlorothiazide,11/04/2008,NA
2,"hernandez, ricardo",cycling,2-year suspension - loss of results,androgenic anabolic steroid,10/08/2008,NA
2,"kapes, michael",cycling,2-year suspension - loss of results,19-norandrosterone (19-na) and boldenone,08/28/2008,NA
2,"graham, trevor",track and field - athlete support personnel,lifetime suspension,non-analytical,07/15/2008,NA
2,"doherty, paul",weightlifting,2-year suspension - loss of results,androgenic anabolic steroid,06/17/2008,NA
2,"gatlin, justin",track and field,4-year suspension - loss of results,testosterone,06/06/2008,NA
2,"pettigrew, antonio",track and field,2-year suspension - loss of results,non-analytical: use,06/03/2008,NA
2,"reed, barney",table tennis,2-year suspension - loss of results; second violation,cannabinoids,06/02/2008,NA
2,"moreau, josh",weightlifting,2-year suspension - loss of results,cannabinoids,05/12/2008,NA
2,"alfred, stephen",cycling,lifetime suspension; third violation,non-analytical: refusal to submit to sample collection,02/05/2008,NA
2,"warren, joseph",wrestling,2-year suspension - loss of results; second violation,cannabinoids,01/15/2008,NA
2,"bunde, jared",cycling,2-year suspension - loss of results,clomiphene,11/20/2007,NA
2,"stark, jeff",racquetball,2-year suspension - loss of results,non-analytical: refusal to submit to sample collection,11/07/2007,NA
2,"jones, marion",track and field,2-year suspension - loss of results,non-analytical: use,10/08/2007,NA
2,"piasecki, nathan",wrestling,2-year suspension,6a-hydroxyandrostendione,10/01/2007,NA
2,"landis, floyd",cycling,2-year suspension - loss of results,androgenic anabolic steroid,09/20/2007,NA
2,"caswell, brandon",paralympic track and field,2-year suspension - loss of results,benzoylecgonine,09/11/2007,NA
2,"bell, kenwood (kenta)",track and field,3-month suspension with 3-month deferral - loss of results,methylprednisolone,07/30/2007,NA
2,"papp, joseph",cycling,2-year suspension - loss of results,non-analytical positive,05/25/2007,NA
2,"kristal, jason",weightlifting,2-year suspension - loss of results,non-analytical: refusal to submit to sample collection,05/11/2007,NA
2,"korchemny, remi",track and field - athlete support personnel,lifetime suspension,non-analytical,03/12/2007,NA
2,"alfred, stephen",cycling,8-year suspension - loss of results,androgenic anabolic steroid & human chorionic gonadotrophin (hcg),02/02/2007,NA
2,"moreau, josh",weightlifting,3-month suspension with 3-month deferral - loss of results,cannabinoids,01/19/2007,NA
2,"boothby, scott",track and field,8-year suspension with 4-year reduction - loss of results,finasteride & 6-oxo-androstenedione and its metabolite 6a-hydroxyandrostenehione,11/17/2006,NA
2,"warren, joseph",wrestling,3-month suspension with 3-month deferral - loss of results,cannabinoids,05/12/2006,NA
2,"hamilton, tyler","cycling, triathlon",2-year suspension - loss of results,blood transfusion,02/11/2006,NA
2,"zajicek, philip",cycling,public warning - loss of results,cathine (norpseudoephedrine),10/13/2004,NA
2,"gonzalez, edris",weightlifting,6-year suspension - loss of results,elevated t/e,07/15/2003,NA
2,"cox, crystal",track and field,public warning - loss of results,ephedrine,10/17/2002,NA
2,"dickey, duane",cycling,1-year suspension - loss of results,"phentermine, boldenone and nandrolone",08/30/2002,NA
2,"gatlin, justin",track and field,2-year suspension - loss of results -  granted early reinstatement,amphetamine,05/14/2002,NA
2,"o'bee, kirk",cycling,1-year suspension - loss of results,elevated t/e,07/18/2002,NA
2,"reed, barney",table tennis,2-year suspension - loss of results,19-norandrosterone (19-na) and 19-noretiocholanolone,04/24/2002,NA
2,"dees, tony",track and field,lifetime suspension - loss of results; second violation,19-norandrosterone (19-na)and 19-noretiocholanolone,09/17/2001,NA
