"0","base::save.image(file = paste0(""data/processed/"","
"0","                               base::noquote(lubridate::today()), "
"0","                               ""-03.0-usada-non-analytic.RData""))"
"0","fs::dir_tree(path = ""data/processed"", "
"0","           regexp = base::noquote(lubridate::today()))"
"1","[01;34mdata/processed[0m"
"1",""
"1","
"
"1",""
"1",""
"1","â”œâ”€â”€ "
"1",""
"1","2020-06-08-02.0-UsadaNoNames.csv"
"1",""
"1","
"
"1",""
"1",""
"1","â”œâ”€â”€ "
"1",""
"1","2020-06-08-02.0-UsadaSanctions.csv"
"1",""
"1","
"
"1",""
"1",""
"1","â”œâ”€â”€ "
"1",""
"1","2020-06-08-02.0-usada-sanction-dates.RData"
"1",""
"1","
"
"1",""
"1",""
"1","â”œâ”€â”€ "
"1",""
"1","2020-06-08-03.0-UsadaNoNames.csv"
"1",""
"1","
"
"1",""
"1",""
"1","â”œâ”€â”€ "
"1",""
"1","2020-06-08-03.0-UsadaSanctions.csv"
"1",""
"1","
"
"1",""
"1",""
"1","â”œâ”€â”€ "
"1",""
"1","2020-06-08-03.0-usada-non-analytic.RData"
"1",""
"1","
"
"1",""
"1",""
"1","â””â”€â”€ "
"1",""
"1","2020-06-08-03.0-usada-sanction-dates.RData"
"1",""
"1","
"
